"ID","Process ID","Process Name","Host Name","thread Domain:Push/Pop_Range:PL_Type:PL_Value:CLR_Type:Color:Msg_Type:Msg","Id:Domain:Start/Stop_Range:PL_Type:PL_Value:CLR_Type:Color:Msg_Type:Msg","Kernel Name","Context","Stream","Block Size","Grid Size","Device","CC","Section Name","Metric Name","Metric Unit","Metric Value"
"0","68656","example.out","127.0.0.1","68656  ""<default domain>:compute:none:none:none:none:none:none"" ","","NTTPhase1_general(Params *, int, int, int, int, int, int, unsigned long *, unsigned long *, const unsigned long *, const unsigned long *, const DModulus *)","1","7","(128, 1, 1)","(4096, 1, 1)","0","8.9","Command line profiler metrics","dram__bytes_read.sum","Mbyte","15.88"
"0","68656","example.out","127.0.0.1","68656  ""<default domain>:compute:none:none:none:none:none:none"" ","","NTTPhase1_general(Params *, int, int, int, int, int, int, unsigned long *, unsigned long *, const unsigned long *, const unsigned long *, const DModulus *)","1","7","(128, 1, 1)","(4096, 1, 1)","0","8.9","Command line profiler metrics","dram__bytes_write.sum","byte","0"
"0","68656","example.out","127.0.0.1","68656  ""<default domain>:compute:none:none:none:none:none:none"" ","","NTTPhase1_general(Params *, int, int, int, int, int, int, unsigned long *, unsigned long *, const unsigned long *, const unsigned long *, const DModulus *)","1","7","(128, 1, 1)","(4096, 1, 1)","0","8.9","Command line profiler metrics","l1tex__t_sector_hit_rate.max_rate","","1"
"0","68656","example.out","127.0.0.1","68656  ""<default domain>:compute:none:none:none:none:none:none"" ","","NTTPhase1_general(Params *, int, int, int, int, int, int, unsigned long *, unsigned long *, const unsigned long *, const unsigned long *, const DModulus *)","1","7","(128, 1, 1)","(4096, 1, 1)","0","8.9","Command line profiler metrics","l1tex__t_sector_hit_rate.pct","%","37.34"
"0","68656","example.out","127.0.0.1","68656  ""<default domain>:compute:none:none:none:none:none:none"" ","","NTTPhase1_general(Params *, int, int, int, int, int, int, unsigned long *, unsigned long *, const unsigned long *, const unsigned long *, const DModulus *)","1","7","(128, 1, 1)","(4096, 1, 1)","0","8.9","Command line profiler metrics","l1tex__t_sector_hit_rate.ratio","","0.37"
"0","68656","example.out","127.0.0.1","68656  ""<default domain>:compute:none:none:none:none:none:none"" ","","NTTPhase1_general(Params *, int, int, int, int, int, int, unsigned long *, unsigned long *, const unsigned long *, const unsigned long *, const DModulus *)","1","7","(128, 1, 1)","(4096, 1, 1)","0","8.9","Command line profiler metrics","lts__t_sector_hit_rate.max_rate","","1"
"0","68656","example.out","127.0.0.1","68656  ""<default domain>:compute:none:none:none:none:none:none"" ","","NTTPhase1_general(Params *, int, int, int, int, int, int, unsigned long *, unsigned long *, const unsigned long *, const unsigned long *, const DModulus *)","1","7","(128, 1, 1)","(4096, 1, 1)","0","8.9","Command line profiler metrics","lts__t_sector_hit_rate.pct","%","59.90"
"0","68656","example.out","127.0.0.1","68656  ""<default domain>:compute:none:none:none:none:none:none"" ","","NTTPhase1_general(Params *, int, int, int, int, int, int, unsigned long *, unsigned long *, const unsigned long *, const unsigned long *, const DModulus *)","1","7","(128, 1, 1)","(4096, 1, 1)","0","8.9","Command line profiler metrics","lts__t_sector_hit_rate.ratio","","0.60"
"1","68656","example.out","127.0.0.1","68656  ""<default domain>:compute:none:none:none:none:none:none"" ","","NTTPhase2_general(Params *, int, int, int, int, int, int, unsigned long *, unsigned long *, const unsigned long *, const unsigned long *, const DModulus *)","1","7","(128, 1, 1)","(4096, 1, 1)","0","8.9","Command line profiler metrics","dram__bytes_read.sum","Mbyte","47.10"
"1","68656","example.out","127.0.0.1","68656  ""<default domain>:compute:none:none:none:none:none:none"" ","","NTTPhase2_general(Params *, int, int, int, int, int, int, unsigned long *, unsigned long *, const unsigned long *, const unsigned long *, const DModulus *)","1","7","(128, 1, 1)","(4096, 1, 1)","0","8.9","Command line profiler metrics","dram__bytes_write.sum","byte","0"
"1","68656","example.out","127.0.0.1","68656  ""<default domain>:compute:none:none:none:none:none:none"" ","","NTTPhase2_general(Params *, int, int, int, int, int, int, unsigned long *, unsigned long *, const unsigned long *, const unsigned long *, const DModulus *)","1","7","(128, 1, 1)","(4096, 1, 1)","0","8.9","Command line profiler metrics","l1tex__t_sector_hit_rate.max_rate","","1"
"1","68656","example.out","127.0.0.1","68656  ""<default domain>:compute:none:none:none:none:none:none"" ","","NTTPhase2_general(Params *, int, int, int, int, int, int, unsigned long *, unsigned long *, const unsigned long *, const unsigned long *, const DModulus *)","1","7","(128, 1, 1)","(4096, 1, 1)","0","8.9","Command line profiler metrics","l1tex__t_sector_hit_rate.pct","%","54.00"
"1","68656","example.out","127.0.0.1","68656  ""<default domain>:compute:none:none:none:none:none:none"" ","","NTTPhase2_general(Params *, int, int, int, int, int, int, unsigned long *, unsigned long *, const unsigned long *, const unsigned long *, const DModulus *)","1","7","(128, 1, 1)","(4096, 1, 1)","0","8.9","Command line profiler metrics","l1tex__t_sector_hit_rate.ratio","","0.54"
"1","68656","example.out","127.0.0.1","68656  ""<default domain>:compute:none:none:none:none:none:none"" ","","NTTPhase2_general(Params *, int, int, int, int, int, int, unsigned long *, unsigned long *, const unsigned long *, const unsigned long *, const DModulus *)","1","7","(128, 1, 1)","(4096, 1, 1)","0","8.9","Command line profiler metrics","lts__t_sector_hit_rate.max_rate","","1"
"1","68656","example.out","127.0.0.1","68656  ""<default domain>:compute:none:none:none:none:none:none"" ","","NTTPhase2_general(Params *, int, int, int, int, int, int, unsigned long *, unsigned long *, const unsigned long *, const unsigned long *, const DModulus *)","1","7","(128, 1, 1)","(4096, 1, 1)","0","8.9","Command line profiler metrics","lts__t_sector_hit_rate.pct","%","26.24"
"1","68656","example.out","127.0.0.1","68656  ""<default domain>:compute:none:none:none:none:none:none"" ","","NTTPhase2_general(Params *, int, int, int, int, int, int, unsigned long *, unsigned long *, const unsigned long *, const unsigned long *, const DModulus *)","1","7","(128, 1, 1)","(4096, 1, 1)","0","8.9","Command line profiler metrics","lts__t_sector_hit_rate.ratio","","0.26"
"2","68656","example.out","127.0.0.1","68656  ""<default domain>:compute:none:none:none:none:none:none"" ","","NTTPhase1_general(Params *, int, int, int, int, int, int, unsigned long *, unsigned long *, const unsigned long *, const unsigned long *, const DModulus *)","1","7","(128, 1, 1)","(4096, 1, 1)","0","8.9","Command line profiler metrics","dram__bytes_read.sum","Mbyte","15.85"
"2","68656","example.out","127.0.0.1","68656  ""<default domain>:compute:none:none:none:none:none:none"" ","","NTTPhase1_general(Params *, int, int, int, int, int, int, unsigned long *, unsigned long *, const unsigned long *, const unsigned long *, const DModulus *)","1","7","(128, 1, 1)","(4096, 1, 1)","0","8.9","Command line profiler metrics","dram__bytes_write.sum","byte","0"
"2","68656","example.out","127.0.0.1","68656  ""<default domain>:compute:none:none:none:none:none:none"" ","","NTTPhase1_general(Params *, int, int, int, int, int, int, unsigned long *, unsigned long *, const unsigned long *, const unsigned long *, const DModulus *)","1","7","(128, 1, 1)","(4096, 1, 1)","0","8.9","Command line profiler metrics","l1tex__t_sector_hit_rate.max_rate","","1"
"2","68656","example.out","127.0.0.1","68656  ""<default domain>:compute:none:none:none:none:none:none"" ","","NTTPhase1_general(Params *, int, int, int, int, int, int, unsigned long *, unsigned long *, const unsigned long *, const unsigned long *, const DModulus *)","1","7","(128, 1, 1)","(4096, 1, 1)","0","8.9","Command line profiler metrics","l1tex__t_sector_hit_rate.pct","%","37.16"
"2","68656","example.out","127.0.0.1","68656  ""<default domain>:compute:none:none:none:none:none:none"" ","","NTTPhase1_general(Params *, int, int, int, int, int, int, unsigned long *, unsigned long *, const unsigned long *, const unsigned long *, const DModulus *)","1","7","(128, 1, 1)","(4096, 1, 1)","0","8.9","Command line profiler metrics","l1tex__t_sector_hit_rate.ratio","","0.37"
"2","68656","example.out","127.0.0.1","68656  ""<default domain>:compute:none:none:none:none:none:none"" ","","NTTPhase1_general(Params *, int, int, int, int, int, int, unsigned long *, unsigned long *, const unsigned long *, const unsigned long *, const DModulus *)","1","7","(128, 1, 1)","(4096, 1, 1)","0","8.9","Command line profiler metrics","lts__t_sector_hit_rate.max_rate","","1"
"2","68656","example.out","127.0.0.1","68656  ""<default domain>:compute:none:none:none:none:none:none"" ","","NTTPhase1_general(Params *, int, int, int, int, int, int, unsigned long *, unsigned long *, const unsigned long *, const unsigned long *, const DModulus *)","1","7","(128, 1, 1)","(4096, 1, 1)","0","8.9","Command line profiler metrics","lts__t_sector_hit_rate.pct","%","59.78"
"2","68656","example.out","127.0.0.1","68656  ""<default domain>:compute:none:none:none:none:none:none"" ","","NTTPhase1_general(Params *, int, int, int, int, int, int, unsigned long *, unsigned long *, const unsigned long *, const unsigned long *, const DModulus *)","1","7","(128, 1, 1)","(4096, 1, 1)","0","8.9","Command line profiler metrics","lts__t_sector_hit_rate.ratio","","0.60"
"3","68656","example.out","127.0.0.1","68656  ""<default domain>:compute:none:none:none:none:none:none"" ","","NTTPhase2_general(Params *, int, int, int, int, int, int, unsigned long *, unsigned long *, const unsigned long *, const unsigned long *, const DModulus *)","1","7","(128, 1, 1)","(4096, 1, 1)","0","8.9","Command line profiler metrics","dram__bytes_read.sum","Mbyte","47.06"
"3","68656","example.out","127.0.0.1","68656  ""<default domain>:compute:none:none:none:none:none:none"" ","","NTTPhase2_general(Params *, int, int, int, int, int, int, unsigned long *, unsigned long *, const unsigned long *, const unsigned long *, const DModulus *)","1","7","(128, 1, 1)","(4096, 1, 1)","0","8.9","Command line profiler metrics","dram__bytes_write.sum","byte","0"
"3","68656","example.out","127.0.0.1","68656  ""<default domain>:compute:none:none:none:none:none:none"" ","","NTTPhase2_general(Params *, int, int, int, int, int, int, unsigned long *, unsigned long *, const unsigned long *, const unsigned long *, const DModulus *)","1","7","(128, 1, 1)","(4096, 1, 1)","0","8.9","Command line profiler metrics","l1tex__t_sector_hit_rate.max_rate","","1"
"3","68656","example.out","127.0.0.1","68656  ""<default domain>:compute:none:none:none:none:none:none"" ","","NTTPhase2_general(Params *, int, int, int, int, int, int, unsigned long *, unsigned long *, const unsigned long *, const unsigned long *, const DModulus *)","1","7","(128, 1, 1)","(4096, 1, 1)","0","8.9","Command line profiler metrics","l1tex__t_sector_hit_rate.pct","%","53.99"
"3","68656","example.out","127.0.0.1","68656  ""<default domain>:compute:none:none:none:none:none:none"" ","","NTTPhase2_general(Params *, int, int, int, int, int, int, unsigned long *, unsigned long *, const unsigned long *, const unsigned long *, const DModulus *)","1","7","(128, 1, 1)","(4096, 1, 1)","0","8.9","Command line profiler metrics","l1tex__t_sector_hit_rate.ratio","","0.54"
"3","68656","example.out","127.0.0.1","68656  ""<default domain>:compute:none:none:none:none:none:none"" ","","NTTPhase2_general(Params *, int, int, int, int, int, int, unsigned long *, unsigned long *, const unsigned long *, const unsigned long *, const DModulus *)","1","7","(128, 1, 1)","(4096, 1, 1)","0","8.9","Command line profiler metrics","lts__t_sector_hit_rate.max_rate","","1"
"3","68656","example.out","127.0.0.1","68656  ""<default domain>:compute:none:none:none:none:none:none"" ","","NTTPhase2_general(Params *, int, int, int, int, int, int, unsigned long *, unsigned long *, const unsigned long *, const unsigned long *, const DModulus *)","1","7","(128, 1, 1)","(4096, 1, 1)","0","8.9","Command line profiler metrics","lts__t_sector_hit_rate.pct","%","25.93"
"3","68656","example.out","127.0.0.1","68656  ""<default domain>:compute:none:none:none:none:none:none"" ","","NTTPhase2_general(Params *, int, int, int, int, int, int, unsigned long *, unsigned long *, const unsigned long *, const unsigned long *, const DModulus *)","1","7","(128, 1, 1)","(4096, 1, 1)","0","8.9","Command line profiler metrics","lts__t_sector_hit_rate.ratio","","0.26"
"4","68656","example.out","127.0.0.1","68656  ""<default domain>:compute:none:none:none:none:none:none"" ","","NTTPhase1_general(Params *, int, int, int, int, int, int, unsigned long *, unsigned long *, const unsigned long *, const unsigned long *, const DModulus *)","1","7","(128, 1, 1)","(4096, 1, 1)","0","8.9","Command line profiler metrics","dram__bytes_read.sum","Mbyte","15.85"
"4","68656","example.out","127.0.0.1","68656  ""<default domain>:compute:none:none:none:none:none:none"" ","","NTTPhase1_general(Params *, int, int, int, int, int, int, unsigned long *, unsigned long *, const unsigned long *, const unsigned long *, const DModulus *)","1","7","(128, 1, 1)","(4096, 1, 1)","0","8.9","Command line profiler metrics","dram__bytes_write.sum","byte","0"
"4","68656","example.out","127.0.0.1","68656  ""<default domain>:compute:none:none:none:none:none:none"" ","","NTTPhase1_general(Params *, int, int, int, int, int, int, unsigned long *, unsigned long *, const unsigned long *, const unsigned long *, const DModulus *)","1","7","(128, 1, 1)","(4096, 1, 1)","0","8.9","Command line profiler metrics","l1tex__t_sector_hit_rate.max_rate","","1"
"4","68656","example.out","127.0.0.1","68656  ""<default domain>:compute:none:none:none:none:none:none"" ","","NTTPhase1_general(Params *, int, int, int, int, int, int, unsigned long *, unsigned long *, const unsigned long *, const unsigned long *, const DModulus *)","1","7","(128, 1, 1)","(4096, 1, 1)","0","8.9","Command line profiler metrics","l1tex__t_sector_hit_rate.pct","%","37.64"
"4","68656","example.out","127.0.0.1","68656  ""<default domain>:compute:none:none:none:none:none:none"" ","","NTTPhase1_general(Params *, int, int, int, int, int, int, unsigned long *, unsigned long *, const unsigned long *, const unsigned long *, const DModulus *)","1","7","(128, 1, 1)","(4096, 1, 1)","0","8.9","Command line profiler metrics","l1tex__t_sector_hit_rate.ratio","","0.38"
"4","68656","example.out","127.0.0.1","68656  ""<default domain>:compute:none:none:none:none:none:none"" ","","NTTPhase1_general(Params *, int, int, int, int, int, int, unsigned long *, unsigned long *, const unsigned long *, const unsigned long *, const DModulus *)","1","7","(128, 1, 1)","(4096, 1, 1)","0","8.9","Command line profiler metrics","lts__t_sector_hit_rate.max_rate","","1"
"4","68656","example.out","127.0.0.1","68656  ""<default domain>:compute:none:none:none:none:none:none"" ","","NTTPhase1_general(Params *, int, int, int, int, int, int, unsigned long *, unsigned long *, const unsigned long *, const unsigned long *, const DModulus *)","1","7","(128, 1, 1)","(4096, 1, 1)","0","8.9","Command line profiler metrics","lts__t_sector_hit_rate.pct","%","59.51"
"4","68656","example.out","127.0.0.1","68656  ""<default domain>:compute:none:none:none:none:none:none"" ","","NTTPhase1_general(Params *, int, int, int, int, int, int, unsigned long *, unsigned long *, const unsigned long *, const unsigned long *, const DModulus *)","1","7","(128, 1, 1)","(4096, 1, 1)","0","8.9","Command line profiler metrics","lts__t_sector_hit_rate.ratio","","0.60"
"5","68656","example.out","127.0.0.1","68656  ""<default domain>:compute:none:none:none:none:none:none"" ","","NTTPhase2_general(Params *, int, int, int, int, int, int, unsigned long *, unsigned long *, const unsigned long *, const unsigned long *, const DModulus *)","1","7","(128, 1, 1)","(4096, 1, 1)","0","8.9","Command line profiler metrics","dram__bytes_read.sum","Mbyte","47.06"
"5","68656","example.out","127.0.0.1","68656  ""<default domain>:compute:none:none:none:none:none:none"" ","","NTTPhase2_general(Params *, int, int, int, int, int, int, unsigned long *, unsigned long *, const unsigned long *, const unsigned long *, const DModulus *)","1","7","(128, 1, 1)","(4096, 1, 1)","0","8.9","Command line profiler metrics","dram__bytes_write.sum","byte","0"
"5","68656","example.out","127.0.0.1","68656  ""<default domain>:compute:none:none:none:none:none:none"" ","","NTTPhase2_general(Params *, int, int, int, int, int, int, unsigned long *, unsigned long *, const unsigned long *, const unsigned long *, const DModulus *)","1","7","(128, 1, 1)","(4096, 1, 1)","0","8.9","Command line profiler metrics","l1tex__t_sector_hit_rate.max_rate","","1"
"5","68656","example.out","127.0.0.1","68656  ""<default domain>:compute:none:none:none:none:none:none"" ","","NTTPhase2_general(Params *, int, int, int, int, int, int, unsigned long *, unsigned long *, const unsigned long *, const unsigned long *, const DModulus *)","1","7","(128, 1, 1)","(4096, 1, 1)","0","8.9","Command line profiler metrics","l1tex__t_sector_hit_rate.pct","%","54.02"
"5","68656","example.out","127.0.0.1","68656  ""<default domain>:compute:none:none:none:none:none:none"" ","","NTTPhase2_general(Params *, int, int, int, int, int, int, unsigned long *, unsigned long *, const unsigned long *, const unsigned long *, const DModulus *)","1","7","(128, 1, 1)","(4096, 1, 1)","0","8.9","Command line profiler metrics","l1tex__t_sector_hit_rate.ratio","","0.54"
"5","68656","example.out","127.0.0.1","68656  ""<default domain>:compute:none:none:none:none:none:none"" ","","NTTPhase2_general(Params *, int, int, int, int, int, int, unsigned long *, unsigned long *, const unsigned long *, const unsigned long *, const DModulus *)","1","7","(128, 1, 1)","(4096, 1, 1)","0","8.9","Command line profiler metrics","lts__t_sector_hit_rate.max_rate","","1"
"5","68656","example.out","127.0.0.1","68656  ""<default domain>:compute:none:none:none:none:none:none"" ","","NTTPhase2_general(Params *, int, int, int, int, int, int, unsigned long *, unsigned long *, const unsigned long *, const unsigned long *, const DModulus *)","1","7","(128, 1, 1)","(4096, 1, 1)","0","8.9","Command line profiler metrics","lts__t_sector_hit_rate.pct","%","25.90"
"5","68656","example.out","127.0.0.1","68656  ""<default domain>:compute:none:none:none:none:none:none"" ","","NTTPhase2_general(Params *, int, int, int, int, int, int, unsigned long *, unsigned long *, const unsigned long *, const unsigned long *, const DModulus *)","1","7","(128, 1, 1)","(4096, 1, 1)","0","8.9","Command line profiler metrics","lts__t_sector_hit_rate.ratio","","0.26"
"6","68656","example.out","127.0.0.1","68656  ""<default domain>:compute:none:none:none:none:none:none"" ","","NTTPhase1_general(Params *, int, int, int, int, int, int, unsigned long *, unsigned long *, const unsigned long *, const unsigned long *, const DModulus *)","1","7","(128, 1, 1)","(4096, 1, 1)","0","8.9","Command line profiler metrics","dram__bytes_read.sum","Mbyte","15.85"
"6","68656","example.out","127.0.0.1","68656  ""<default domain>:compute:none:none:none:none:none:none"" ","","NTTPhase1_general(Params *, int, int, int, int, int, int, unsigned long *, unsigned long *, const unsigned long *, const unsigned long *, const DModulus *)","1","7","(128, 1, 1)","(4096, 1, 1)","0","8.9","Command line profiler metrics","dram__bytes_write.sum","byte","0"
"6","68656","example.out","127.0.0.1","68656  ""<default domain>:compute:none:none:none:none:none:none"" ","","NTTPhase1_general(Params *, int, int, int, int, int, int, unsigned long *, unsigned long *, const unsigned long *, const unsigned long *, const DModulus *)","1","7","(128, 1, 1)","(4096, 1, 1)","0","8.9","Command line profiler metrics","l1tex__t_sector_hit_rate.max_rate","","1"
"6","68656","example.out","127.0.0.1","68656  ""<default domain>:compute:none:none:none:none:none:none"" ","","NTTPhase1_general(Params *, int, int, int, int, int, int, unsigned long *, unsigned long *, const unsigned long *, const unsigned long *, const DModulus *)","1","7","(128, 1, 1)","(4096, 1, 1)","0","8.9","Command line profiler metrics","l1tex__t_sector_hit_rate.pct","%","37.66"
"6","68656","example.out","127.0.0.1","68656  ""<default domain>:compute:none:none:none:none:none:none"" ","","NTTPhase1_general(Params *, int, int, int, int, int, int, unsigned long *, unsigned long *, const unsigned long *, const unsigned long *, const DModulus *)","1","7","(128, 1, 1)","(4096, 1, 1)","0","8.9","Command line profiler metrics","l1tex__t_sector_hit_rate.ratio","","0.38"
"6","68656","example.out","127.0.0.1","68656  ""<default domain>:compute:none:none:none:none:none:none"" ","","NTTPhase1_general(Params *, int, int, int, int, int, int, unsigned long *, unsigned long *, const unsigned long *, const unsigned long *, const DModulus *)","1","7","(128, 1, 1)","(4096, 1, 1)","0","8.9","Command line profiler metrics","lts__t_sector_hit_rate.max_rate","","1"
"6","68656","example.out","127.0.0.1","68656  ""<default domain>:compute:none:none:none:none:none:none"" ","","NTTPhase1_general(Params *, int, int, int, int, int, int, unsigned long *, unsigned long *, const unsigned long *, const unsigned long *, const DModulus *)","1","7","(128, 1, 1)","(4096, 1, 1)","0","8.9","Command line profiler metrics","lts__t_sector_hit_rate.pct","%","59.51"
"6","68656","example.out","127.0.0.1","68656  ""<default domain>:compute:none:none:none:none:none:none"" ","","NTTPhase1_general(Params *, int, int, int, int, int, int, unsigned long *, unsigned long *, const unsigned long *, const unsigned long *, const DModulus *)","1","7","(128, 1, 1)","(4096, 1, 1)","0","8.9","Command line profiler metrics","lts__t_sector_hit_rate.ratio","","0.60"
"7","68656","example.out","127.0.0.1","68656  ""<default domain>:compute:none:none:none:none:none:none"" ","","NTTPhase2_general(Params *, int, int, int, int, int, int, unsigned long *, unsigned long *, const unsigned long *, const unsigned long *, const DModulus *)","1","7","(128, 1, 1)","(4096, 1, 1)","0","8.9","Command line profiler metrics","dram__bytes_read.sum","Mbyte","47.06"
"7","68656","example.out","127.0.0.1","68656  ""<default domain>:compute:none:none:none:none:none:none"" ","","NTTPhase2_general(Params *, int, int, int, int, int, int, unsigned long *, unsigned long *, const unsigned long *, const unsigned long *, const DModulus *)","1","7","(128, 1, 1)","(4096, 1, 1)","0","8.9","Command line profiler metrics","dram__bytes_write.sum","byte","0"
"7","68656","example.out","127.0.0.1","68656  ""<default domain>:compute:none:none:none:none:none:none"" ","","NTTPhase2_general(Params *, int, int, int, int, int, int, unsigned long *, unsigned long *, const unsigned long *, const unsigned long *, const DModulus *)","1","7","(128, 1, 1)","(4096, 1, 1)","0","8.9","Command line profiler metrics","l1tex__t_sector_hit_rate.max_rate","","1"
"7","68656","example.out","127.0.0.1","68656  ""<default domain>:compute:none:none:none:none:none:none"" ","","NTTPhase2_general(Params *, int, int, int, int, int, int, unsigned long *, unsigned long *, const unsigned long *, const unsigned long *, const DModulus *)","1","7","(128, 1, 1)","(4096, 1, 1)","0","8.9","Command line profiler metrics","l1tex__t_sector_hit_rate.pct","%","54.00"
"7","68656","example.out","127.0.0.1","68656  ""<default domain>:compute:none:none:none:none:none:none"" ","","NTTPhase2_general(Params *, int, int, int, int, int, int, unsigned long *, unsigned long *, const unsigned long *, const unsigned long *, const DModulus *)","1","7","(128, 1, 1)","(4096, 1, 1)","0","8.9","Command line profiler metrics","l1tex__t_sector_hit_rate.ratio","","0.54"
"7","68656","example.out","127.0.0.1","68656  ""<default domain>:compute:none:none:none:none:none:none"" ","","NTTPhase2_general(Params *, int, int, int, int, int, int, unsigned long *, unsigned long *, const unsigned long *, const unsigned long *, const DModulus *)","1","7","(128, 1, 1)","(4096, 1, 1)","0","8.9","Command line profiler metrics","lts__t_sector_hit_rate.max_rate","","1"
"7","68656","example.out","127.0.0.1","68656  ""<default domain>:compute:none:none:none:none:none:none"" ","","NTTPhase2_general(Params *, int, int, int, int, int, int, unsigned long *, unsigned long *, const unsigned long *, const unsigned long *, const DModulus *)","1","7","(128, 1, 1)","(4096, 1, 1)","0","8.9","Command line profiler metrics","lts__t_sector_hit_rate.pct","%","25.89"
"7","68656","example.out","127.0.0.1","68656  ""<default domain>:compute:none:none:none:none:none:none"" ","","NTTPhase2_general(Params *, int, int, int, int, int, int, unsigned long *, unsigned long *, const unsigned long *, const unsigned long *, const DModulus *)","1","7","(128, 1, 1)","(4096, 1, 1)","0","8.9","Command line profiler metrics","lts__t_sector_hit_rate.ratio","","0.26"
"8","68656","example.out","127.0.0.1","68656  ""<default domain>:compute:none:none:none:none:none:none"" ","","NTTPhase1_general(Params *, int, int, int, int, int, int, unsigned long *, unsigned long *, const unsigned long *, const unsigned long *, const DModulus *)","1","7","(128, 1, 1)","(4096, 1, 1)","0","8.9","Command line profiler metrics","dram__bytes_read.sum","Mbyte","15.85"
"8","68656","example.out","127.0.0.1","68656  ""<default domain>:compute:none:none:none:none:none:none"" ","","NTTPhase1_general(Params *, int, int, int, int, int, int, unsigned long *, unsigned long *, const unsigned long *, const unsigned long *, const DModulus *)","1","7","(128, 1, 1)","(4096, 1, 1)","0","8.9","Command line profiler metrics","dram__bytes_write.sum","byte","0"
"8","68656","example.out","127.0.0.1","68656  ""<default domain>:compute:none:none:none:none:none:none"" ","","NTTPhase1_general(Params *, int, int, int, int, int, int, unsigned long *, unsigned long *, const unsigned long *, const unsigned long *, const DModulus *)","1","7","(128, 1, 1)","(4096, 1, 1)","0","8.9","Command line profiler metrics","l1tex__t_sector_hit_rate.max_rate","","1"
"8","68656","example.out","127.0.0.1","68656  ""<default domain>:compute:none:none:none:none:none:none"" ","","NTTPhase1_general(Params *, int, int, int, int, int, int, unsigned long *, unsigned long *, const unsigned long *, const unsigned long *, const DModulus *)","1","7","(128, 1, 1)","(4096, 1, 1)","0","8.9","Command line profiler metrics","l1tex__t_sector_hit_rate.pct","%","37.23"
"8","68656","example.out","127.0.0.1","68656  ""<default domain>:compute:none:none:none:none:none:none"" ","","NTTPhase1_general(Params *, int, int, int, int, int, int, unsigned long *, unsigned long *, const unsigned long *, const unsigned long *, const DModulus *)","1","7","(128, 1, 1)","(4096, 1, 1)","0","8.9","Command line profiler metrics","l1tex__t_sector_hit_rate.ratio","","0.37"
"8","68656","example.out","127.0.0.1","68656  ""<default domain>:compute:none:none:none:none:none:none"" ","","NTTPhase1_general(Params *, int, int, int, int, int, int, unsigned long *, unsigned long *, const unsigned long *, const unsigned long *, const DModulus *)","1","7","(128, 1, 1)","(4096, 1, 1)","0","8.9","Command line profiler metrics","lts__t_sector_hit_rate.max_rate","","1"
"8","68656","example.out","127.0.0.1","68656  ""<default domain>:compute:none:none:none:none:none:none"" ","","NTTPhase1_general(Params *, int, int, int, int, int, int, unsigned long *, unsigned long *, const unsigned long *, const unsigned long *, const DModulus *)","1","7","(128, 1, 1)","(4096, 1, 1)","0","8.9","Command line profiler metrics","lts__t_sector_hit_rate.pct","%","59.73"
"8","68656","example.out","127.0.0.1","68656  ""<default domain>:compute:none:none:none:none:none:none"" ","","NTTPhase1_general(Params *, int, int, int, int, int, int, unsigned long *, unsigned long *, const unsigned long *, const unsigned long *, const DModulus *)","1","7","(128, 1, 1)","(4096, 1, 1)","0","8.9","Command line profiler metrics","lts__t_sector_hit_rate.ratio","","0.60"
"9","68656","example.out","127.0.0.1","68656  ""<default domain>:compute:none:none:none:none:none:none"" ","","NTTPhase2_general(Params *, int, int, int, int, int, int, unsigned long *, unsigned long *, const unsigned long *, const unsigned long *, const DModulus *)","1","7","(128, 1, 1)","(4096, 1, 1)","0","8.9","Command line profiler metrics","dram__bytes_read.sum","Mbyte","47.06"
"9","68656","example.out","127.0.0.1","68656  ""<default domain>:compute:none:none:none:none:none:none"" ","","NTTPhase2_general(Params *, int, int, int, int, int, int, unsigned long *, unsigned long *, const unsigned long *, const unsigned long *, const DModulus *)","1","7","(128, 1, 1)","(4096, 1, 1)","0","8.9","Command line profiler metrics","dram__bytes_write.sum","byte","0"
"9","68656","example.out","127.0.0.1","68656  ""<default domain>:compute:none:none:none:none:none:none"" ","","NTTPhase2_general(Params *, int, int, int, int, int, int, unsigned long *, unsigned long *, const unsigned long *, const unsigned long *, const DModulus *)","1","7","(128, 1, 1)","(4096, 1, 1)","0","8.9","Command line profiler metrics","l1tex__t_sector_hit_rate.max_rate","","1"
"9","68656","example.out","127.0.0.1","68656  ""<default domain>:compute:none:none:none:none:none:none"" ","","NTTPhase2_general(Params *, int, int, int, int, int, int, unsigned long *, unsigned long *, const unsigned long *, const unsigned long *, const DModulus *)","1","7","(128, 1, 1)","(4096, 1, 1)","0","8.9","Command line profiler metrics","l1tex__t_sector_hit_rate.pct","%","53.98"
"9","68656","example.out","127.0.0.1","68656  ""<default domain>:compute:none:none:none:none:none:none"" ","","NTTPhase2_general(Params *, int, int, int, int, int, int, unsigned long *, unsigned long *, const unsigned long *, const unsigned long *, const DModulus *)","1","7","(128, 1, 1)","(4096, 1, 1)","0","8.9","Command line profiler metrics","l1tex__t_sector_hit_rate.ratio","","0.54"
"9","68656","example.out","127.0.0.1","68656  ""<default domain>:compute:none:none:none:none:none:none"" ","","NTTPhase2_general(Params *, int, int, int, int, int, int, unsigned long *, unsigned long *, const unsigned long *, const unsigned long *, const DModulus *)","1","7","(128, 1, 1)","(4096, 1, 1)","0","8.9","Command line profiler metrics","lts__t_sector_hit_rate.max_rate","","1"
"9","68656","example.out","127.0.0.1","68656  ""<default domain>:compute:none:none:none:none:none:none"" ","","NTTPhase2_general(Params *, int, int, int, int, int, int, unsigned long *, unsigned long *, const unsigned long *, const unsigned long *, const DModulus *)","1","7","(128, 1, 1)","(4096, 1, 1)","0","8.9","Command line profiler metrics","lts__t_sector_hit_rate.pct","%","25.93"
"9","68656","example.out","127.0.0.1","68656  ""<default domain>:compute:none:none:none:none:none:none"" ","","NTTPhase2_general(Params *, int, int, int, int, int, int, unsigned long *, unsigned long *, const unsigned long *, const unsigned long *, const DModulus *)","1","7","(128, 1, 1)","(4096, 1, 1)","0","8.9","Command line profiler metrics","lts__t_sector_hit_rate.ratio","","0.26"
"10","68656","example.out","127.0.0.1","68656  ""<default domain>:compute:none:none:none:none:none:none"" ","","NTTPhase1_general(Params *, int, int, int, int, int, int, unsigned long *, unsigned long *, const unsigned long *, const unsigned long *, const DModulus *)","1","7","(128, 1, 1)","(4096, 1, 1)","0","8.9","Command line profiler metrics","dram__bytes_read.sum","Mbyte","15.85"
"10","68656","example.out","127.0.0.1","68656  ""<default domain>:compute:none:none:none:none:none:none"" ","","NTTPhase1_general(Params *, int, int, int, int, int, int, unsigned long *, unsigned long *, const unsigned long *, const unsigned long *, const DModulus *)","1","7","(128, 1, 1)","(4096, 1, 1)","0","8.9","Command line profiler metrics","dram__bytes_write.sum","byte","0"
"10","68656","example.out","127.0.0.1","68656  ""<default domain>:compute:none:none:none:none:none:none"" ","","NTTPhase1_general(Params *, int, int, int, int, int, int, unsigned long *, unsigned long *, const unsigned long *, const unsigned long *, const DModulus *)","1","7","(128, 1, 1)","(4096, 1, 1)","0","8.9","Command line profiler metrics","l1tex__t_sector_hit_rate.max_rate","","1"
"10","68656","example.out","127.0.0.1","68656  ""<default domain>:compute:none:none:none:none:none:none"" ","","NTTPhase1_general(Params *, int, int, int, int, int, int, unsigned long *, unsigned long *, const unsigned long *, const unsigned long *, const DModulus *)","1","7","(128, 1, 1)","(4096, 1, 1)","0","8.9","Command line profiler metrics","l1tex__t_sector_hit_rate.pct","%","37.24"
"10","68656","example.out","127.0.0.1","68656  ""<default domain>:compute:none:none:none:none:none:none"" ","","NTTPhase1_general(Params *, int, int, int, int, int, int, unsigned long *, unsigned long *, const unsigned long *, const unsigned long *, const DModulus *)","1","7","(128, 1, 1)","(4096, 1, 1)","0","8.9","Command line profiler metrics","l1tex__t_sector_hit_rate.ratio","","0.37"
"10","68656","example.out","127.0.0.1","68656  ""<default domain>:compute:none:none:none:none:none:none"" ","","NTTPhase1_general(Params *, int, int, int, int, int, int, unsigned long *, unsigned long *, const unsigned long *, const unsigned long *, const DModulus *)","1","7","(128, 1, 1)","(4096, 1, 1)","0","8.9","Command line profiler metrics","lts__t_sector_hit_rate.max_rate","","1"
"10","68656","example.out","127.0.0.1","68656  ""<default domain>:compute:none:none:none:none:none:none"" ","","NTTPhase1_general(Params *, int, int, int, int, int, int, unsigned long *, unsigned long *, const unsigned long *, const unsigned long *, const DModulus *)","1","7","(128, 1, 1)","(4096, 1, 1)","0","8.9","Command line profiler metrics","lts__t_sector_hit_rate.pct","%","59.73"
"10","68656","example.out","127.0.0.1","68656  ""<default domain>:compute:none:none:none:none:none:none"" ","","NTTPhase1_general(Params *, int, int, int, int, int, int, unsigned long *, unsigned long *, const unsigned long *, const unsigned long *, const DModulus *)","1","7","(128, 1, 1)","(4096, 1, 1)","0","8.9","Command line profiler metrics","lts__t_sector_hit_rate.ratio","","0.60"
"11","68656","example.out","127.0.0.1","68656  ""<default domain>:compute:none:none:none:none:none:none"" ","","NTTPhase2_general(Params *, int, int, int, int, int, int, unsigned long *, unsigned long *, const unsigned long *, const unsigned long *, const DModulus *)","1","7","(128, 1, 1)","(4096, 1, 1)","0","8.9","Command line profiler metrics","dram__bytes_read.sum","Mbyte","47.06"
"11","68656","example.out","127.0.0.1","68656  ""<default domain>:compute:none:none:none:none:none:none"" ","","NTTPhase2_general(Params *, int, int, int, int, int, int, unsigned long *, unsigned long *, const unsigned long *, const unsigned long *, const DModulus *)","1","7","(128, 1, 1)","(4096, 1, 1)","0","8.9","Command line profiler metrics","dram__bytes_write.sum","byte","0"
"11","68656","example.out","127.0.0.1","68656  ""<default domain>:compute:none:none:none:none:none:none"" ","","NTTPhase2_general(Params *, int, int, int, int, int, int, unsigned long *, unsigned long *, const unsigned long *, const unsigned long *, const DModulus *)","1","7","(128, 1, 1)","(4096, 1, 1)","0","8.9","Command line profiler metrics","l1tex__t_sector_hit_rate.max_rate","","1"
"11","68656","example.out","127.0.0.1","68656  ""<default domain>:compute:none:none:none:none:none:none"" ","","NTTPhase2_general(Params *, int, int, int, int, int, int, unsigned long *, unsigned long *, const unsigned long *, const unsigned long *, const DModulus *)","1","7","(128, 1, 1)","(4096, 1, 1)","0","8.9","Command line profiler metrics","l1tex__t_sector_hit_rate.pct","%","53.99"
"11","68656","example.out","127.0.0.1","68656  ""<default domain>:compute:none:none:none:none:none:none"" ","","NTTPhase2_general(Params *, int, int, int, int, int, int, unsigned long *, unsigned long *, const unsigned long *, const unsigned long *, const DModulus *)","1","7","(128, 1, 1)","(4096, 1, 1)","0","8.9","Command line profiler metrics","l1tex__t_sector_hit_rate.ratio","","0.54"
"11","68656","example.out","127.0.0.1","68656  ""<default domain>:compute:none:none:none:none:none:none"" ","","NTTPhase2_general(Params *, int, int, int, int, int, int, unsigned long *, unsigned long *, const unsigned long *, const unsigned long *, const DModulus *)","1","7","(128, 1, 1)","(4096, 1, 1)","0","8.9","Command line profiler metrics","lts__t_sector_hit_rate.max_rate","","1"
"11","68656","example.out","127.0.0.1","68656  ""<default domain>:compute:none:none:none:none:none:none"" ","","NTTPhase2_general(Params *, int, int, int, int, int, int, unsigned long *, unsigned long *, const unsigned long *, const unsigned long *, const DModulus *)","1","7","(128, 1, 1)","(4096, 1, 1)","0","8.9","Command line profiler metrics","lts__t_sector_hit_rate.pct","%","25.91"
"11","68656","example.out","127.0.0.1","68656  ""<default domain>:compute:none:none:none:none:none:none"" ","","NTTPhase2_general(Params *, int, int, int, int, int, int, unsigned long *, unsigned long *, const unsigned long *, const unsigned long *, const DModulus *)","1","7","(128, 1, 1)","(4096, 1, 1)","0","8.9","Command line profiler metrics","lts__t_sector_hit_rate.ratio","","0.26"
"12","68656","example.out","127.0.0.1","68656  ""<default domain>:compute:none:none:none:none:none:none"" ","","NTTPhase1_general(Params *, int, int, int, int, int, int, unsigned long *, unsigned long *, const unsigned long *, const unsigned long *, const DModulus *)","1","7","(128, 1, 1)","(4096, 1, 1)","0","8.9","Command line profiler metrics","dram__bytes_read.sum","Mbyte","15.85"
"12","68656","example.out","127.0.0.1","68656  ""<default domain>:compute:none:none:none:none:none:none"" ","","NTTPhase1_general(Params *, int, int, int, int, int, int, unsigned long *, unsigned long *, const unsigned long *, const unsigned long *, const DModulus *)","1","7","(128, 1, 1)","(4096, 1, 1)","0","8.9","Command line profiler metrics","dram__bytes_write.sum","byte","0"
"12","68656","example.out","127.0.0.1","68656  ""<default domain>:compute:none:none:none:none:none:none"" ","","NTTPhase1_general(Params *, int, int, int, int, int, int, unsigned long *, unsigned long *, const unsigned long *, const unsigned long *, const DModulus *)","1","7","(128, 1, 1)","(4096, 1, 1)","0","8.9","Command line profiler metrics","l1tex__t_sector_hit_rate.max_rate","","1"
"12","68656","example.out","127.0.0.1","68656  ""<default domain>:compute:none:none:none:none:none:none"" ","","NTTPhase1_general(Params *, int, int, int, int, int, int, unsigned long *, unsigned long *, const unsigned long *, const unsigned long *, const DModulus *)","1","7","(128, 1, 1)","(4096, 1, 1)","0","8.9","Command line profiler metrics","l1tex__t_sector_hit_rate.pct","%","37.57"
"12","68656","example.out","127.0.0.1","68656  ""<default domain>:compute:none:none:none:none:none:none"" ","","NTTPhase1_general(Params *, int, int, int, int, int, int, unsigned long *, unsigned long *, const unsigned long *, const unsigned long *, const DModulus *)","1","7","(128, 1, 1)","(4096, 1, 1)","0","8.9","Command line profiler metrics","l1tex__t_sector_hit_rate.ratio","","0.38"
"12","68656","example.out","127.0.0.1","68656  ""<default domain>:compute:none:none:none:none:none:none"" ","","NTTPhase1_general(Params *, int, int, int, int, int, int, unsigned long *, unsigned long *, const unsigned long *, const unsigned long *, const DModulus *)","1","7","(128, 1, 1)","(4096, 1, 1)","0","8.9","Command line profiler metrics","lts__t_sector_hit_rate.max_rate","","1"
"12","68656","example.out","127.0.0.1","68656  ""<default domain>:compute:none:none:none:none:none:none"" ","","NTTPhase1_general(Params *, int, int, int, int, int, int, unsigned long *, unsigned long *, const unsigned long *, const unsigned long *, const DModulus *)","1","7","(128, 1, 1)","(4096, 1, 1)","0","8.9","Command line profiler metrics","lts__t_sector_hit_rate.pct","%","59.57"
"12","68656","example.out","127.0.0.1","68656  ""<default domain>:compute:none:none:none:none:none:none"" ","","NTTPhase1_general(Params *, int, int, int, int, int, int, unsigned long *, unsigned long *, const unsigned long *, const unsigned long *, const DModulus *)","1","7","(128, 1, 1)","(4096, 1, 1)","0","8.9","Command line profiler metrics","lts__t_sector_hit_rate.ratio","","0.60"
"13","68656","example.out","127.0.0.1","68656  ""<default domain>:compute:none:none:none:none:none:none"" ","","NTTPhase2_general(Params *, int, int, int, int, int, int, unsigned long *, unsigned long *, const unsigned long *, const unsigned long *, const DModulus *)","1","7","(128, 1, 1)","(4096, 1, 1)","0","8.9","Command line profiler metrics","dram__bytes_read.sum","Mbyte","47.06"
"13","68656","example.out","127.0.0.1","68656  ""<default domain>:compute:none:none:none:none:none:none"" ","","NTTPhase2_general(Params *, int, int, int, int, int, int, unsigned long *, unsigned long *, const unsigned long *, const unsigned long *, const DModulus *)","1","7","(128, 1, 1)","(4096, 1, 1)","0","8.9","Command line profiler metrics","dram__bytes_write.sum","byte","0"
"13","68656","example.out","127.0.0.1","68656  ""<default domain>:compute:none:none:none:none:none:none"" ","","NTTPhase2_general(Params *, int, int, int, int, int, int, unsigned long *, unsigned long *, const unsigned long *, const unsigned long *, const DModulus *)","1","7","(128, 1, 1)","(4096, 1, 1)","0","8.9","Command line profiler metrics","l1tex__t_sector_hit_rate.max_rate","","1"
"13","68656","example.out","127.0.0.1","68656  ""<default domain>:compute:none:none:none:none:none:none"" ","","NTTPhase2_general(Params *, int, int, int, int, int, int, unsigned long *, unsigned long *, const unsigned long *, const unsigned long *, const DModulus *)","1","7","(128, 1, 1)","(4096, 1, 1)","0","8.9","Command line profiler metrics","l1tex__t_sector_hit_rate.pct","%","54.00"
"13","68656","example.out","127.0.0.1","68656  ""<default domain>:compute:none:none:none:none:none:none"" ","","NTTPhase2_general(Params *, int, int, int, int, int, int, unsigned long *, unsigned long *, const unsigned long *, const unsigned long *, const DModulus *)","1","7","(128, 1, 1)","(4096, 1, 1)","0","8.9","Command line profiler metrics","l1tex__t_sector_hit_rate.ratio","","0.54"
"13","68656","example.out","127.0.0.1","68656  ""<default domain>:compute:none:none:none:none:none:none"" ","","NTTPhase2_general(Params *, int, int, int, int, int, int, unsigned long *, unsigned long *, const unsigned long *, const unsigned long *, const DModulus *)","1","7","(128, 1, 1)","(4096, 1, 1)","0","8.9","Command line profiler metrics","lts__t_sector_hit_rate.max_rate","","1"
"13","68656","example.out","127.0.0.1","68656  ""<default domain>:compute:none:none:none:none:none:none"" ","","NTTPhase2_general(Params *, int, int, int, int, int, int, unsigned long *, unsigned long *, const unsigned long *, const unsigned long *, const DModulus *)","1","7","(128, 1, 1)","(4096, 1, 1)","0","8.9","Command line profiler metrics","lts__t_sector_hit_rate.pct","%","25.90"
"13","68656","example.out","127.0.0.1","68656  ""<default domain>:compute:none:none:none:none:none:none"" ","","NTTPhase2_general(Params *, int, int, int, int, int, int, unsigned long *, unsigned long *, const unsigned long *, const unsigned long *, const DModulus *)","1","7","(128, 1, 1)","(4096, 1, 1)","0","8.9","Command line profiler metrics","lts__t_sector_hit_rate.ratio","","0.26"
